id,created,edited,title,Name,Priorite,Statut,Tags,Type
38c35e21-8cf8-81fc-9c1d-e77c9d25549f,2026-06-27,2026-06-27,Elysium — Civilizational Ontology,Elysium — Civilizational Ontology,Haute,Actif,"society-architecture, systems-thinking, philosophy, transformation",Projet Theme
38135e21-8cf8-81af-89eb-ea97a184dc2a,2026-06-16,2026-06-16,📚 MASTER — Export Session vers Notion (Fusionné),📚 MASTER — Export Session vers Notion (Fusionné),Moyenne,Archive,,Conversation Archive
34e35e21-8cf8-81b1-a34e-ea8316f97c43,2026-04-26,2026-04-26,💡 Test Mémoire — Il pleut demain,💡 Test Mémoire — Il pleut demain,Basse,Actif,Manus,Connaissance Explicite
33b35e21-8cf8-81be-9963-f28f641622c2,2026-04-07,2026-04-07,Vercel API Token (Manus Deploy),Vercel API Token (Manus Deploy),Haute,Actif,"yOS, Manus",Preference Configuration
93858460-97df-44f2-a3c1-5f3043c18343,2026-03-25,2026-03-25,Tool Ecosystem Mapping,Tool Ecosystem Mapping,,,,
32a35e21-8cf8-810f-a442-e2104bbb71cb,2026-03-21,2026-03-21,📝 MASTER SESSION — Export Session vers Notion (Fusion x3),📝 MASTER SESSION — Export Session vers Notion (Fusion x3),Haute,Archive,"yOS, systems-thinking, Manus",Conversation Archive
32a35e21-8cf8-8135-9c97-c8d84ebd83e4,2026-03-21,2026-03-21,📝 [2026-03-21] Test Export — Skill memory-manager & TM Script vers Notion,📝 [2026-03-21] Test Export — Skill memory-manager & TM Script vers Notion,Moyenne,Archive,"yOS, systems-thinking",Conversation Archive
32a35e21-8cf8-81c9-9133-f774b643d4d7,2026-03-21,2026-03-21,🛠️ AI Exporter Hub — Lifetime License,🛠️ AI Exporter Hub — Lifetime License,Haute,Actif,yOS,Connaissance Explicite
32a35e21-8cf8-8132-aac0-f46e1aabd574,2026-03-21,2026-03-21,💡 Protocole de Recherche à Deux Niveaux — Meta-Monitoring + Extraction,💡 Protocole de Recherche à Deux Niveaux — Meta-Monitoring + Extraction,Haute,Reference,yOS,Connaissance Explicite
32935e21-8cf8-8198-817b-d0010afe01a6,2026-03-20,2026-03-20,📚 Initiatory / Transformational Architecture — Knowledge,📚 Initiatory / Transformational Architecture — Knowledge,Haute,Actif,yOS,Connaissance Explicite
32935e21-8cf8-816d-8995-cfa6f73a8fd1,2026-03-20,2026-03-20,📚 7d LIFE Flower Visualization — Knowledge,📚 7d LIFE Flower Visualization — Knowledge,Haute,Actif,yOS,Connaissance Explicite
32935e21-8cf8-81b8-b0a9-e453b35fae6c,2026-03-20,2026-03-20,📚 7d LIFE Weekly Tracker — Knowledge,📚 7d LIFE Weekly Tracker — Knowledge,Haute,Actif,yOS,Connaissance Explicite
32935e21-8cf8-81d1-b9d5-f39cc0a11f10,2026-03-20,2026-03-20,📚 7d LIFE Core Model — Knowledge,📚 7d LIFE Core Model — Knowledge,Haute,Actif,yOS,Connaissance Explicite
32935e21-8cf8-812b-bef9-dbcb3053d00a,2026-03-20,2026-03-20,📚 7d LIFE — Knowledge,📚 7d LIFE — Knowledge,Haute,Actif,yOS,Connaissance Explicite
32935e21-8cf8-819c-a876-ca5e9e9d89b8,2026-03-20,2026-03-20,📚 7 Doors — Knowledge,📚 7 Doors — Knowledge,Haute,Actif,yOS,Connaissance Explicite
32935e21-8cf8-816e-b86c-f08ef3d21cac,2026-03-20,2026-03-20,📚 Ludivine 108 Mapping — Knowledge,📚 Ludivine 108 Mapping — Knowledge,Haute,Actif,yOS,Connaissance Explicite
32935e21-8cf8-8140-97a2-d0b1a722a946,2026-03-20,2026-03-20,📚 Ludivine Canon Architecture — Knowledge,📚 Ludivine Canon Architecture — Knowledge,Haute,Actif,yOS,Connaissance Explicite
32935e21-8cf8-818a-8c6a-de208e396d57,2026-03-20,2026-03-20,📚 Ludivine — Knowledge,📚 Ludivine — Knowledge,Haute,Actif,yOS,Connaissance Explicite
32935e21-8cf8-8158-a3b0-e0da0c686e92,2026-03-20,2026-03-20,📋 Initiatory / Transformational Architecture — Overview,📋 Initiatory / Transformational Architecture — Overview,Haute,Actif,yOS,Connaissance Explicite
32935e21-8cf8-8148-a379-f229334d4070,2026-03-20,2026-03-20,📋 7d LIFE Flower Visualization — Overview,📋 7d LIFE Flower Visualization — Overview,Haute,Actif,yOS,Connaissance Explicite
32935e21-8cf8-8127-9ce4-d124b9320d2a,2026-03-20,2026-03-20,📋 7d LIFE Weekly Tracker — Overview,📋 7d LIFE Weekly Tracker — Overview,Haute,Actif,yOS,Connaissance Explicite
32935e21-8cf8-81f2-b73c-e4a0158bd6ba,2026-03-20,2026-03-20,📋 7d LIFE Core Model — Overview,📋 7d LIFE Core Model — Overview,Haute,Actif,yOS,Connaissance Explicite
32935e21-8cf8-81e1-a5ac-ef00b9583809,2026-03-20,2026-03-20,📋 7d LIFE — Overview,📋 7d LIFE — Overview,Haute,Actif,yOS,Connaissance Explicite
32935e21-8cf8-8138-8d87-edf2bd616165,2026-03-20,2026-03-20,📋 7 Doors — Overview,📋 7 Doors — Overview,Haute,Actif,yOS,Connaissance Explicite
32935e21-8cf8-8181-b094-d01cc124a5c0,2026-03-20,2026-03-20,📋 Ludivine 108 Mapping — Overview,📋 Ludivine 108 Mapping — Overview,Haute,Actif,yOS,Connaissance Explicite
32935e21-8cf8-8101-9f3f-f2e2872f152b,2026-03-20,2026-03-20,📋 Ludivine Canon Architecture — Overview,📋 Ludivine Canon Architecture — Overview,Haute,Actif,yOS,Connaissance Explicite
32935e21-8cf8-815f-a851-fd6791697b69,2026-03-20,2026-03-20,📋 Ludivine — Overview,📋 Ludivine — Overview,Haute,Actif,yOS,Connaissance Explicite
32935e21-8cf8-8158-9b23-cb4e17486a1f,2026-03-20,2026-03-20,🗂️ YOS Memory — Project Registry,🗂️ YOS Memory — Project Registry,Haute,Actif,yOS,Connaissance Explicite
32535e21-8cf8-81aa-b4bf-f9d265c2bbd0,2026-03-16,2026-03-16,📝 [2026-03-16] Y-OS — Skill Summary : Synthèse Interactive de Conversations,📝 [2026-03-16] Y-OS — Skill Summary : Synthèse Interactive de Conversations,Haute,Actif,"yOS, Manus",Conversation Archive
31b35e21-8cf8-8109-9869-db2b26354cbf,2026-03-06,2026-03-06,K6 — Task Reporting — Uninterrupted Execution + Structured Status,K6 — Task Reporting — Uninterrupted Execution + Structured Status,Haute,Reference,"yOS, systems-thinking, Manus",Connaissance Explicite
31b35e21-8cf8-815e-82c5-d01cc0c1b08b,2026-03-06,2026-03-06,K5 — Network Failure — Automatic Staggered Retry Policy,K5 — Network Failure — Automatic Staggered Retry Policy,Haute,Reference,"yOS, systems-thinking, Manus",Connaissance Explicite
31b35e21-8cf8-81ca-a354-fbba365d06e6,2026-03-06,2026-03-06,K4 — Universal Authentication Agent — Core System Component,K4 — Universal Authentication Agent — Core System Component,Haute,Reference,"yOS, systems-thinking, Manus",Connaissance Explicite
31b35e21-8cf8-8101-a581-cc7ab7495722,2026-03-06,2026-03-06,K3 — Credential & Secret Management — Master Rule,K3 — Credential & Secret Management — Master Rule,Haute,Reference,"yOS, systems-thinking, Manus",Connaissance Explicite
31b35e21-8cf8-812b-927a-c0b1832b1cfb,2026-03-06,2026-03-06,K2 — Technical Problem-Solving — Autonomous Fix & Workaround,K2 — Technical Problem-Solving — Autonomous Fix & Workaround,Haute,Reference,"yOS, systems-thinking, Manus",Connaissance Explicite
31b35e21-8cf8-81da-8e56-e3aaec43ed4d,2026-03-06,2026-03-06,K1 — Autonomous Execution Canon,K1 — Autonomous Execution Canon,Haute,Reference,"yOS, systems-thinking, Manus",Connaissance Explicite
31835e21-8cf8-813c-ae37-ee6baa80cd4c,2026-03-03,2026-03-03,📝 [2026-03-03] RADAR-MCP — Rapport 1er Mars 2026,📝 [2026-03-03] RADAR-MCP — Rapport 1er Mars 2026,Moyenne,Actif,"yOS, systems-thinking, Manus",Conversation Archive
31835e21-8cf8-818d-954a-fc1d028f7bb9,2026-03-03,2026-03-03,📝 [2026-03-03] Blueprint ONE — Révision Architecture,📝 [2026-03-03] Blueprint ONE — Révision Architecture,Moyenne,Actif,"yOS, philosophy, Manus",Conversation Archive
31835e21-8cf8-81e1-a978-e86679b5fff3,2026-03-03,2026-03-03,📝 [2026-03-03] Export Session vers Notion — Workflow et Archivage,📝 [2026-03-03] Export Session vers Notion — Workflow et Archivage,Moyenne,Archive,"yOS, systems-thinking, Manus",Conversation Archive
31735e21-8cf8-8164-ac2d-ce7327279c37,2026-03-02,2026-03-02,📝 [2026-03-03] Export Session vers Notion — Workflow et Archivage,📝 [2026-03-03] Export Session vers Notion — Workflow et Archivage,Moyenne,Archive,"yOS, systems-thinking, Manus",Conversation Archive
