id,created_at,updated_at,memory_preview,categories,source
ffc088cd-4570-483a-b845-2ce919b0b684,2026-06-30T09:15:35,2026-07-01T00:55:37,User defined the preferred yOS coding stack as Voice/iPhone → Lakshmi → Manus → GitHub → Cursor Background Agent → PR/bu,technology;user_preferences;professional_details,
f014cb51-b72f-48ed-97d6-7dea663df02b,2026-06-30T09:15:35,2026-07-01T00:55:37,User clarified that in the yOS coding workflow Manus and Cursor function as complementary layers rather than competitors,professional_details;technology,
01d5f484-914a-4b71-9de7-749b667d6677,2026-06-30T09:15:35,2026-07-01T00:55:37,User tagged this tooling analysis with keywords: Cursor; Manus; yOS; mobile coding; iOS; vibe coding; AI coding workflow,technology,
5ef4b4e3-6f5c-48a8-8221-6f019fe6a942,2026-06-30T09:15:34,2026-07-01T00:55:29,User prefers using yOS with Lakshmi task management to model important future work as persistent initiatives rather than,user_preferences;technology,
869b5edc-6c04-4192-a473-e1ff024a8baa,2026-06-30T09:15:33,2026-07-01T00:55:22,User created a future initiative named "Coding Architecture" for yOS; currently incubating; described as a voice‑first; ,professional_details;technology,
4254457e-b64e-4159-9668-39753ef77c74,2026-06-30T09:15:33,2026-07-01T00:55:22,User specified key components for the Coding Architecture initiative: Lakshmi as Chief of Staff/cognitive orchestrator; ,professional_details;technology,
dfc476bb-a369-4b13-b97b-b24f3eb506a5,2026-06-28T12:52:20,2026-06-28T15:17:20,User standardized frontmatter for modules OPN-001 through OPN-013 (title and compile fields) on 2026-06-28.,professional_details;technology,
de457b0c-aab8-457e-850c-50c0fdbb3d18,2026-06-28T12:52:20,2026-06-28T15:17:20,User created f01_writing_brief_registry.yaml on 2026-06-28; defining a full schema for all nine F01 modules.,professional_details;technology,
c1c4446b-6279-4db6-887b-c3a49e4d42bd,2026-06-28T12:52:20,2026-06-28T15:17:20,User completed the End-of-F01 Hardening patch on 2026-06-28; committing hash 8eb1364 on branch phase-iii/1A-S4-endofF01-,professional_details;technology,
9eb50b72-3fea-4f09-9add-a8de1340b2da,2026-06-28T12:52:20,2026-06-28T15:17:20,User updated f01_prose_draft_registry.yaml to version 1.1 on 2026-06-28; adding fields for canonical_flows; brief_file; ,professional_details;technology,
9d15bb7e-c57b-4e86-ac83-0d2a15aa07ce,2026-06-28T12:52:20,2026-06-28T15:17:20,User strengthened validate.py on 2026-06-28 to include ELYSIUM canonical checks; resulting in zero errors and zero warni,technology,
7eb881f2-dd73-4da5-af89-6fb91e41ee61,2026-06-28T12:52:20,2026-06-28T15:17:20,User plans the next steps: Founder review of Opening modules OPN-008 to OPN-013 and global approval of Foundation 01.,professional_details,
74038972-c060-4b5c-95b9-f4f2082ca74b,2026-06-28T12:52:20,2026-06-28T15:17:20,User reported the book status on 2026-06-28: Opening 13/13 DRAFT_0 with 10;884 words; Foundation 01 9/9 DRAFT_0 with 15;,milestones,
55689034-dcff-408e-9740-efe372ac7be2,2026-06-28T12:52:20,2026-06-28T15:17:20,User applied a micro‑patch to module F01-000 on 2026-06-28; increasing the number of flows from six to seven and adding ,technology;professional_details,
46213884-29f7-4878-a0f8-76ac0d71cf5c,2026-06-28T12:52:20,2026-06-28T15:17:20,User generated a Founder Reader View file at BOOK/views/founder_reading/ELYSIUM_Draft_0_Opening_plus_F01_FounderReview.m,professional_details;technology,
254aa367-066e-4d6e-9cd7-1ec6c8e150ec,2026-06-28T12:31:35,2026-06-28T14:55:25,User reports that module F02 has not been started as of 2026‑06‑28 and is awaiting a Chief Architect sample review and a,professional_details;technology,
141c2079-6f38-4c7e-9d6a-37ad6473e65e,2026-06-28T12:31:35,2026-06-28T14:55:25,User applied the End‑of‑F01 QA patch on 2026‑06‑28; standardizing frontmatter for the nine F01 modules; creating the fil,professional_details;technology,
9dd2514b-667b-4907-a9de-af4f3af7a826,2026-06-28T12:21:28,2026-06-28T14:46:00,User added a reveal_level of FRAMEWORK_PREVIEW to module OPN‑012 in the 2026-06-28 architecture patch.,technology,
94f9765a-17d0-4285-904c-1f2c1951be2f,2026-06-28T12:21:28,2026-06-28T14:46:00,User resolved three validation warnings by creating F01 index.md files; achieving 0 errors and 0 warnings in the 2026-06,technology,
84a4ce65-5cd4-4543-8ad1-80537fc66c54,2026-06-28T12:21:28,2026-06-28T14:46:00,User applied an ELYSIUM architecture patch on 2026-06-28 that reconciled the Opening movement structure to span MOV‑I th,technology,
5886f195-768a-4921-af6a-071fe5b50956,2026-06-28T12:21:28,2026-06-28T14:46:00,User recorded commit hash 29a4e0b for the architecture patch applied on 2026-06-28.,professional_details;technology,
3b723ab0-f0d6-4c6b-8a2a-36707a81d269,2026-06-28T12:21:28,2026-06-28T14:46:00,User noted that module F02 has not been started as of 2026-06-28.,professional_details,
260cad00-d264-410c-bf36-3f1da548b764,2026-06-28T12:21:28,2026-06-28T14:46:00,User corrected module OPN‑009 to belong to MOV‑III as part of the 2026-06-28 architecture patch.,technology;professional_details,
ec689596-de58-416c-8679-b55ff32a21af,2026-06-28T09:15:03,2026-06-28T11:37:29,User completed the ELYSIUM Foundation 01 “Material Existence” DRAFT_0 on 2026‑06‑28; comprising nine modules F01‑000 thr,professional_details;milestones,
a3fa2240-9357-474f-b3d1-b82661f3a967,2026-06-28T08:33:38,2026-06-28T10:48:10,User completed the ELYSIUM Opening draft (DRAFT_0) on 2026-06-28; writing all 13 modules OPN-001 through OPN-013 totalin,professional_details;milestones,
24b9ca70-0614-43d2-841d-67320109ae3b,2026-06-28T08:11:13,2026-06-28T10:19:38,User established a permanent ELYSIUM rule that any report; summary; or briefing intended for copying to another LLM (e.g,professional_details,
41a86ed9-7273-4815-90af-5778ac194ea4,2026-06-28T07:53:17,2026-06-28T09:57:04,User completed ELYSIUM Phase III‑1A‑S4‑008 on 2026‑06‑28; drafting Opening module OPN‑008 titled “Civilization as Metabo,professional_details;milestones;technology,
82a31ee5-0620-4b90-b522-e62e9454cd5d,2026-06-28T07:43:02,2026-06-28T09:44:32,User configured email forwarding on Spaceship on 28 June 2026 for both domains elysium-institute.org and elysiuminstitut,technology;professional_details,
5e33d1cf-54e6-4790-a346-175eb930fc87,2026-06-28T07:39:48,2026-06-28T09:41:01,User's canonical yOS rule states that all domains are purchased through Spaceship.com; which offers .org registrations a,technology;user_preferences,
67e5deef-31d8-445b-9774-0930fe1bc1b1,2026-06-28T07:39:45,2026-06-28T09:40:48,User purchased the domains elysium-institute.org (primary) and elysiuminstitute.org (typo protection) on 28 June 2026 vi,technology,
a5772245-b747-4374-b209-24a2bd8fdcc9,2026-06-28T06:20:33,2026-06-28T08:07:14,User completed ELYSIUM Phase III‑1A‑S4‑007 on 2026‑06‑28; finalizing Opening module OPN‑007 “The Machine Metaphor and It,professional_details;technology,
de6fb821-18a4-417b-9bec-3c620b48ff0f,2026-06-28T05:54:08,2026-06-28T07:38:59,User recorded commit f6ca82a on branch phase‑iii/1A‑S4‑MOV‑II‑controlled‑auto; patching 12 files with validation reporti,technology,
be7fff44-3dbd-4990-b6fa-2908f77ff9be,2026-06-28T05:54:08,2026-06-28T07:38:59,User applied a micro‑patch to the ELYSIUM Opening MOV‑II; changing OPN‑006’s title from “The Hinge: From Critique to Met,technology,
49277438-a950-49f7-adad-5516e2f1d0e2,2026-06-28T05:54:08,2026-06-28T07:38:59,User corrected the Opening Part module count; confirming that the Opening consists of modules OPN‑001 through OPN‑013 (1,professional_details;technology,
a9c0ba2e-e1d8-45f9-ae6d-048979654b1e,2026-06-28T05:17:12,2026-06-28T07:05:09,User indicates that MOV-III is ready to start once Founder approval is received,professional_details;milestones,
857642fb-b8fc-4788-b5e0-58612a2a11a9,2026-06-28T05:17:12,2026-06-28T07:05:09,User reports that the Full Opening; comprising six modules totaling 4;609 words; is complete as DRAFT_0 and Founder appr,professional_details;milestones,
2dcd2669-5b90-488d-881d-84bfb6f558e5,2026-06-28T05:17:12,2026-06-28T07:05:09,User completed Phase III-1A-S4-MOV-II via FSD Controlled Mode Level 2; finalizing OPN-004 “The Illusion of Silos” (776 w,professional_details;milestones,
da2983bb-0e4a-43b2-b11e-70b0e53b3c09,2026-06-28T04:58:41,2026-06-28T06:47:25,User provided a classic GitHub PAT for account yj000018 (Yannick) with token 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; f,technology,
f66fcd99-d0fb-4f97-a7c9-8005b025d2f4,2026-06-28T04:47:03,2026-06-28T06:39:11,User installed the yOS/FCS FSD Controlled Mode protocol version 0.1 on 2026-06-28; recorded commit hash 6782782 and tag ,technology,
c9e6f325-b1e9-4fc9-b08b-1b87bd9c0d10,2026-06-28T04:47:03,2026-06-28T06:39:11,User specified mandatory stop gates for the FSD Controlled Mode; requiring critical modules OPN‑008 and OPN‑012 to halt ,technology,
748052be-4679-4b60-82bf-b7d09a7acf3d,2026-06-28T04:47:03,2026-06-28T06:39:11,User listed the protocol files for FSD Controlled Mode: FCS_FSD_CONTROLLED_MODE_PROTOCOL.md; fsd_controlled_mode_registr,technology,
5cee6622-8093-4e2a-bbbb-50c2c7d5a3a6,2026-06-28T04:47:03,2026-06-28T06:39:11,User noted that pushing the FSD Controlled Mode protocol to GitHub is pending because a GitHub PAT was not available in ,technology,
1926dc32-9cf4-4e58-8665-fe820c9859c6,2026-06-28T04:47:03,2026-06-28T06:39:11,User recommended that MOV‑II modules OPN‑004 through OPN‑006 be the first Level 2 controlled scope after the operational,professional_details;technology,
10f9d0a8-1b54-4a81-8c8e-63d0356be079,2026-06-28T04:47:03,2026-06-28T06:39:11,User defined autonomy levels 0‑4 for the FSD Controlled Mode; with Level 4 NOT AUTHORIZED; Manus may act autonomously on,technology,
faa7806f-beaf-4d00-8499-d6e633e1637e,2026-06-28T04:20:43,2026-06-28T06:17:30,User drafted OPN-003 titled “Civilization as Patient” (814 words) via Claude opus-4-5 as part of ELYSIUM Phase III‑1A‑S4,professional_details;technology;milestones,
e7d1016f-e698-4297-bfee-59171c391efb,2026-06-28T04:20:43,2026-06-28T06:17:30,MOV-I now has DRAFT_0 coverage for OPN-001; OPN-002; and OPN-003; with all three drafts pending Founder approval.,professional_details,
7793fd5e-d7a4-4f32-9f66-941e1451e977,2026-06-28T04:20:43,2026-06-28T06:17:30,The review loop for OPN-003 involved one revision; reducing the word count from 926 to 814; after which the draft passed,professional_details,
4860064b-cb69-4c0e-b049-ff1be44b9dcf,2026-06-28T04:20:43,2026-06-28T06:17:30,S4-004 may commence once Founder authorization is received.,professional_details,
02005e7d-583a-47a8-bdfe-e978b4c15107,2026-06-28T04:20:43,2026-06-28T06:17:30,OPN-003 closes MOV-I by converting the crisis convergence into a civilizational-patient diagnostic frame; opens from OPN,misc,
9b03dd20-469e-45a7-a6c2-e7d0a776b94b,2026-06-28T03:58:28,2026-06-28T06:01:27,User had OPN-002 reviewed by ChatGPT gpt-4o-2024-08-06; which passed with no revisions; and the draft is pending Founder,professional_details;technology,
70b36b8e-a724-4458-ae3b-cce545678f8c,2026-06-28T03:58:28,2026-06-28T06:01:27,User drafted OPN-002 "The Convergence of Crises" (749 words) via Claude opus-4-5 as part of ELYSIUM Phase III-1A-S4-002;,professional_details;technology,
0272d49c-113a-4347-a8c8-7679e94e5a13,2026-06-28T03:58:28,2026-06-28T06:01:27,User notes that both OPN-001 and OPN-002 are in DRAFT_0 status awaiting Founder approval,professional_details,
694ef6e1-1d36-4b21-9976-cfb29bafc43a,2026-06-28T03:34:26,2026-06-28T05:45:21,For OPN-001 "The Felt Sense of Civilizational Malaise"; Claude opus-4-5 generated a 670-word DRAFT_0; which ChatGPT gpt-,professional_details;technology,
50c036de-c4e3-4f7e-aaaa-ce273026c8bb,2026-06-28T03:34:26,2026-06-28T05:45:21,The OPN-001 draft was committed with hash c284b4c; tagged phase-iii-1A-S4-001-OPN001-draft0; on branch phase-iii/1A-S4-0,technology,
46ae4b52-0ed8-4c7c-91fb-ed3f33ef12b1,2026-06-28T03:34:26,2026-06-28T05:45:21,User completed ELYSIUM Phase III-1A-S4-001 on June 28; 2026; marking the start of the Opening Part draft OPN-001.,milestones;professional_details,
43ef44b5-a2a9-43eb-86ce-9bb9d7170e66,2026-06-28T03:34:26,2026-06-28T05:45:21,Current status after the commit shows DRAFT count 6 and SCAFFOLDED count 99; and the draft awaits Founder approval befor,professional_details;technology,
f121065c-ffc7-4e29-8dae-007cf25500f2,2026-06-28T03:21:36,2026-06-28T05:37:05,User updated registries to reflect the new assignments and titles for the Opening modules.,professional_details;technology,
d55378e9-7650-4ec8-b90c-42bb8f6ae997,2026-06-28T03:21:36,2026-06-28T05:37:05,User completed ELYSIUM Phase III-1A-S3-R2 on 2026-06-28; fixing review reader consistency before S4; validation reported,professional_details;technology;milestones,
c8ae620e-c25e-42a1-adf0-0e975fe47cdb,2026-06-28T03:21:36,2026-06-28T05:37:05,User updated the seed text of OPN-013 to remove the Part I label and now invite the reader into the main journey of the ,misc,
b38d0d3d-16ac-4ab8-8e43-96a513f6843e,2026-06-28T03:21:36,2026-06-28T05:37:05,User patched the .gitignore file to protect API keys for safety.,technology,
a82348cd-6c18-4b3e-abd9-95b60049bd36,2026-06-28T03:21:36,2026-06-28T05:37:05,User reassigned OPN-010 and OPN-011 to Movement IV (MOV‑IV) instead of Movement III (MOV‑III) in the Opening X‑Ray struc,professional_details,
69a217b1-c2c3-471f-a760-ebe2f3db5b24,2026-06-28T03:21:36,2026-06-28T05:37:05,User locked canonical titles: OPN-010 titled 'Why We Need a Civilizational Ontology' and OPN-011 titled 'The Three Scale,misc,
8d520211-81b7-4c2c-b214-586e40ff16e6,2026-06-28T03:01:34,2026-06-28T05:24:06,User completed the ELYSIUM Phase III-1A-S3-R review: ChatGPT API (gpt-4o-2024-08-06) examined all 13 Opening Writing Bri,professional_details;technology,
381f4275-c31a-4856-9a0f-3de41b5efe92,2026-06-28T03:01:34,2026-06-28T05:24:06,User recorded the changes in commit 299606a with tag phase-iii-1A-S3-R-opening-writing-briefs-reviewed; activated the Op,professional_details;technology,
5c121629-4e39-430c-ac6a-3b1479513b41,2026-06-28T02:43:46,2026-06-28T05:12:54,User installed the yOS/FCS Multi-LLM Orchestration Protocol (document 21) on branch yos/fcs-multi-llm-orchestration-prot,technology,
21d7fd14-768f-45fc-9325-0f39b7787a03,2026-06-28T02:43:46,2026-06-28T05:12:54,User defined the Multi-LLM Orchestration Protocol so that Manus serves as the orchestration layer (not authoring); Found,technology,
731ce77e-5a32-4951-8733-f130da1a1aa6,2026-06-28T02:20:24,2026-06-28T04:58:45,User completed ELYSIUM Phase III‑1A‑S3: generated 13 Opening Writing Briefs (OPN‑001 to OPN‑013); one per module based o,professional_details;technology;milestones,
e1b530ef-6573-4192-a866-f26cc1f57790,2026-06-28T02:00:44,2026-06-28T04:47:35,Validation of the review patch reported 0 errors and 0 warnings.,technology,
db79387c-0571-4eaf-abab-616f0cda92ab,2026-06-28T02:00:44,2026-06-28T04:47:35,The patch commit 0be6681 was recorded and the tag phase‑iii‑1A‑S2X‑R2‑opening‑xray‑review‑patch was created.,technology,
d477c088-8978-4d6c-9046-2b9ef231d2d6,2026-06-28T02:00:44,2026-06-28T04:47:35,A Chief Architect Opening X‑Ray Review Patch was applied to all 13 Opening X‑Ray modules.,professional_details;technology,
a32dc49e-2090-48c5-9e2a-2996ed35790d,2026-06-28T02:00:44,2026-06-28T04:47:35,OPN‑006 was revised to include an explicit hinge transition from Movement II to Movement III.,professional_details,
8e980009-e07f-43cc-b309-855322e69030,2026-06-28T02:00:44,2026-06-28T04:47:35,The Opening X‑Ray architecture was accepted as version 0.2; comprising a 4‑movement; 13‑module structure.,technology,
86c53093-97af-4180-8172-8eb6f85c4985,2026-06-28T02:00:44,2026-06-28T04:47:35,English and French Opening X‑Ray Reader files were regenerated; now containing a Chief Architect decisions table.,technology,
809bf007-1cd5-43ec-81c1-968ea3154674,2026-06-28T02:00:44,2026-06-28T04:47:35,OPN‑008 and OPN‑012 were designated as CRITICAL modules within the Opening X‑Ray layer.,technology,
70cbca83-a165-447e-8548-01312ef61e56,2026-06-28T02:00:44,2026-06-28T04:47:35,Phase III-1A-S2X-R2 was completed on 2026-06-28; marking the second review iteration of the Opening X‑Ray layer; the cha,professional_details;technology;milestones,
6f5e907f-66c2-4cb9-822f-7a124bcc5ffb,2026-06-28T02:00:44,2026-06-28T04:47:35,OPN‑009 was updated to describe five classes of civilizational flows; correcting the previous reference to five metaboli,professional_details,
220aa5df-b0c5-4a44-a815-5f9a009db225,2026-06-28T02:00:44,2026-06-28T04:48:57,The next step is Phase III‑1A‑S3 Writing Brief Generation; to be executed by ChatGPT together with the Founder; with no ,professional_details;technology,
02e0919b-5790-4551-a831-140b8a0ad755,2026-06-28T02:00:44,2026-06-28T04:47:35,The module registry was upgraded to version 0.2 to incorporate the new OPN decisions.,technology,
b4bc447e-4b3b-4512-a585-3b6117fec5d3,2026-06-28T01:23:55,2026-06-28T04:25:42,User completed ELYSIUM Phase III‑1A‑S2X‑R; generating enriched Opening X‑Ray Reader files in English (1207 lines) and Fr,professional_details;technology,
1c3262c2-6afe-49c4-b71c-7dcb56232400,2026-06-28T01:23:55,2026-06-28T04:25:42,User resolved the OPN‑012 structural decision as FULL_REVEAL_LIGHT; opting to name all seven Foundations; display the as,professional_details,
12444377-7b04-4ddd-b70a-f29a8f49091c,2026-06-28T01:23:55,2026-06-28T04:25:42,User plans a review of the enriched X‑Ray Readers by the Founder and the ChatGPT Chief Architect before proceeding to Ph,professional_details;technology,
01d423f5-ce73-4074-9440-88608cddf829,2026-06-28T01:23:55,2026-06-28T04:25:42,User created the generate_xray_reader.py script to produce the enriched X‑Ray Reader files,technology,
2152baac-b5c4-4b53-89e4-f6de4fa98b27,2026-06-28T01:04:43,2026-06-28T04:14:36,User applied a micro-fix to the ELYSIUM/FCS Opening X‑Ray modules: added missing reader_promise metadata to the opening ,technology;professional_details,
fed22adf-1a6f-49f6-a485-bba561a1a258,2026-06-28T00:45:03,2026-06-28T04:03:10,User describes the canonical publication pattern as Core Book plus an Atlas/Great Synthesis and a Practical Series/deriv,professional_details,
aae06463-c3dd-4532-8b77-b6190a7d9ae2,2026-06-28T00:45:03,2026-06-28T04:03:10,User notes the related Git branch is phase-iii/fcs-publication-family-architecture; the tag fcs-publication-family-archi,technology,
47b865b6-527f-467c-aead-d9ca4b580090,2026-06-28T00:45:03,2026-06-28T04:03:10,User states that FCS now treats publications as families rather than isolated books; establishing a publication architec,technology,
35782e69-49c4-4316-80e1-a65acace256d,2026-06-28T00:45:03,2026-06-28T04:03:10,For ELYSIUM; the core book is titled 'A Civilizational Ontology'; accompanied by the atlas 'The Great Ontological Synthe,entertainment,
2d6bda9c-cac2-4388-a5c2-5fdb35c82412,2026-06-28T00:45:03,2026-06-28T04:03:10,The Archetypal project follows the same pattern with a core book 'Archetypal Transformation' and a companion atlas 'The ,professional_details,
d289af0f-d3a0-43f5-9947-c6eb571a578d,2026-06-28T00:28:47,2026-06-28T03:50:41,User recorded the commit hash for this work as 22ea129.,technology,
c2ca905e-537c-40bc-a47f-7c13a9a29af9,2026-06-28T00:28:47,2026-06-28T03:50:41,User generated two X‑Ray Reader export files; OPENING_XRAY_READER_EN.md and OPENING_XRAY_READER_FR.md.,technology,
9ecb0188-b1dc-4bf8-aac0-1f1e3f52537e,2026-06-28T00:28:47,2026-06-28T03:50:41,User completed the ELYSIUM Phase III‑1A‑S2X: Opening X‑Ray Structural Layer; marking the phase as COMPLETE.,professional_details;technology;milestones,
9acf9c64-47a1-495c-8c0e-78dd53e9ba6b,2026-06-28T00:28:47,2026-06-28T03:50:41,User noted a pending critical decision on whether OPN‑012 will be fully revealed or foreshadow the seven Foundations.,misc,
6948c1c7-91a6-478f-91a5-091c40a465a8,2026-06-28T00:28:47,2026-06-28T03:50:41,User recorded the Git branch for this work as phase‑iii/1A‑S2X‑opening‑xray‑structural‑layer.,technology;professional_details,
5da88a0e-9d8e-4edc-8d46-cd978a751cae,2026-06-28T00:28:47,2026-06-28T03:50:41,User defined four Movements for the Opening X‑Ray layer: MOV‑I (Malaise); MOV‑II (Silos); MOV‑III (Metabolism); and MOV‑,technology,
35b68d5f-e844-4a01-a942-e8943842e489,2026-06-28T00:28:47,2026-06-28T03:50:41,User created thirteen X‑Ray sidecar cards labeled OPN‑001 through OPN‑013; each containing bilingual English‑French cont,hobbies,
1d8c2f88-dd87-4800-9b50-3d4a04e44533,2026-06-28T00:28:47,2026-06-28T03:50:41,User recorded the Git tag for this work as phase‑iii‑1A‑S2X‑opening‑xray‑structural‑layer.,technology,
09aaf4ff-93bf-4ca4-bb10-fc6df74a4d12,2026-06-28T00:28:47,2026-06-28T03:50:41,User enforced a routing rule that Manus serves infrastructure only for this phase.,technology,
00e9932a-96b0-436c-b305-bdd169e8d58d,2026-06-28T00:28:47,2026-06-28T03:50:41,All modules in the Opening X‑Ray layer are in XRAY_DRAFT status with prose not yet written.,technology,
a95b387b-04cf-4a81-8ea4-0b1dce7016c7,2026-06-27T19:59:48,2026-06-28T00:01:09,User recorded that ELYSIUM Phase III-1A-S1 commit 4c0e488 was made on branch phase-iii/1A-S1-opening-macro-structure and,professional_details;technology,
9a2a26b6-0ee0-48a0-9450-235246853664,2026-06-27T19:59:48,2026-06-28T00:01:09,User reported that the validate.py script ran with 0 errors and 0 warnings,technology,
06db2923-7753-444b-8a0c-6528898890f7,2026-06-27T19:59:48,2026-06-28T00:01:09,User reported that the status.py script shows 72 items scaffolded; 14 planned; and 4 draft,technology,
8862da4e-b533-4440-b547-200e2c92bbec,2026-06-27T19:59:47,2026-06-28T00:00:53,User installed the FCS Dynamic Binder Protocol; adding book_module_registry.yaml; OBSIDIAN_DYNAMIC_BINDER.md; OPENING_DY,technology,
c33767d3-0722-4709-a5d5-9ccb776264b3,2026-06-27T19:59:46,2026-06-28T00:00:48,User created the Opening Part macro-structure v0.1 for ELYSIUM Phase III‑1A‑S1; organized as four movements and thirteen,professional_details;milestones,
b6256704-2b2a-4b37-95be-c4ebec19f9aa,2026-06-27T19:59:46,2026-06-28T00:00:48,User confirmed that the previous four Manus modules continue to be labeled PROVISIONAL_MANUS_DRAFT raw material.,professional_details,
03501244-9ea9-4664-8cab-058e12fc43a4,2026-06-27T19:59:46,2026-06-28T00:00:48,User outlined the next phase for ELYSIUM Phase III‑1A‑S1 as validation by the Founder together with the ChatGPT Chief Ar,professional_details,
e5d7ede0-0ef4-4603-a36b-82df986cb62c,2026-06-27T19:48:33,2026-06-27T23:50:03,ELYSIUM Phase III-1A-R created a Context Pack and a Binder View for Opening Structure Recovery; the four previous openin,professional_details;technology,
a2bfa4c9-98c2-404f-a9b3-f84cb4c60595,2026-06-27T19:32:24,2026-06-27T23:34:26,User introduced the yOS Program Mode LLM Routing Matrix Protocol v0.2; an operational patch that specializes the existin,technology,
fbbc2497-6807-4bfd-8e78-13e38834b30f,2026-06-27T19:05:30,2026-06-27T23:11:34,User specifies that the ELYSIUM FCS provides five Python scripts—validate.py; graph.py; render.py; status.py; and resour,technology,session_synthesis
eea57083-887a-431d-9af3-0bbd822e0703,2026-06-27T19:05:30,2026-06-27T23:11:34,User notes that the ELYSIUM FCS contains more than 26 core documents in the BOOK/_fcs/ directory; all currently marked D,technology,session_synthesis
ad8f6673-e376-4622-9858-0c169c2ac079,2026-06-27T19:05:30,2026-06-27T23:11:34,User mentions five Action Requests located in action_requests/active/; prepared for execution in Phase III‑1A.,professional_details,session_synthesis
6120fa15-a7ae-42a4-9e0e-148614bf4019,2026-06-27T19:05:30,2026-06-27T23:11:34,User reports that all ELYSIUM FCS build phases are completed and accepted: Phase III‑0A scaffold; Phase III‑0A‑FIX harde,professional_details;milestones,session_synthesis
3fdd2715-7ae9-4ffb-91f2-be3c1a22ed79,2026-06-27T19:05:30,2026-06-27T23:11:34,User lists seven closure/handoff documents included in the ELYSIUM FCS: Final Acceptance; Handoff; Quickstart; Cheatshee,professional_details,session_synthesis
3e3efd68-4300-417e-801b-14b81e67fc57,2026-06-27T19:05:30,2026-06-27T23:11:34,User indicates the ELYSIUM FCS includes 38 facet scaffolds; 7 foundation scaffolds; and 5 part scaffolds.,technology,session_synthesis
115af6e8-e750-4492-beea-a0044363f944,2026-06-27T19:05:30,2026-06-27T23:11:34,User states that Obsidian Dataview dashboards are available in the BOOK/views/dashboards/ folder of the ELYSIUM FCS.,technology,session_synthesis
fcb473d8-7149-4a56-979c-69665212f146,2026-06-27T19:05:27,2026-06-27T23:11:00,User records the FCS hardening commit hash as 42cf4cb; marking the code change that introduced hardening improvements to,professional_details;technology,canonical_facts
bf8f0080-1845-4bde-8483-81a6122c313b,2026-06-27T19:05:27,2026-06-27T23:11:00,User indicates that the Fractal Content Studio (FCS) is not yet integrated into the yOS Core.,technology,canonical_facts
9f026afc-5f0b-49fb-ada2-9e6bb4d9bf43,2026-06-27T19:05:27,2026-06-27T23:11:00,User notes that FCS is a repo‑native component; not a standalone application and not built with Scrivener.,technology,canonical_facts
7e21a4a9-a9c0-4e97-a46a-87b1203316a1,2026-06-27T19:05:27,2026-06-27T23:11:00,User clarifies that the correct term is 'yOS' and it should never be written as 'WYS'.,misc,canonical_facts
56ef792b-a392-459e-bfd6-fc4138089348,2026-06-27T19:05:27,2026-06-27T23:11:00,User mandates that any Claude model output must be reviewed before the source lock is applied; ensuring verification of ,user_preferences,canonical_facts
53794028-9c36-4345-a9ae-22580fff6b87,2026-06-27T19:05:27,2026-06-27T23:11:00,User records the Pass 0.2C commit hash for the ELYSIUM repository as 5a4e4309af581e78517f0241b87e8ed021313b00; indicatin,technology,canonical_facts
496ff5fc-5f79-4777-a465-aaa4083227c0,2026-06-27T19:05:27,2026-06-27T23:11:00,User states that Obsidian serves only as a UX layer and is not the source of truth for the system.,technology,canonical_facts
4444060d-0aad-45a1-92ed-b4273be7f963,2026-06-27T19:05:27,2026-06-27T23:11:00,User provides the GitHub repository URL for the ELYSIUM project; confirming the codebase location as https://github.com/,technology,canonical_facts
20714bd7-9c78-45a7-ac89-f4cf4c799c8a,2026-06-27T19:05:27,2026-06-27T23:11:00,User reports that ELYSIUM has integrated 126 models; noting that 10 additional candidate models are not yet integrated; ,technology,canonical_facts
0b4f08b6-244b-4cfa-a851-a30d763eaa10,2026-06-27T19:05:27,2026-06-27T23:11:00,User records the FCS final closure commit hash as 28bd715; denoting the final commit that closed the Fractal Content Stu,technology;professional_details,canonical_facts
aa595baa-2733-4dfc-a9b6-be92a254b34f,2026-06-27T19:05:24,2026-06-27T23:10:50,Session enforces a session boundary by closing the FCS build session and requiring a separate ELYSIUM production session,technology,session_synthesis
8e8f75bb-e098-49b0-becb-3569b64c8d06,2026-06-27T19:05:24,2026-06-27T23:10:50,Session outlines the next step as Phase III-1A – Opening Part Drafting Pack; to be executed in Manus Max mode,professional_details,session_synthesis
5a24660e-643c-4725-8235-7bf40ff72527,2026-06-27T19:05:24,2026-06-27T23:10:50,Session notes that the ELYSIUM book has not been drafted yet,professional_details,session_synthesis
0e4371f2-81a0-4ba3-a5d7-6cce9519c0e4,2026-06-27T19:05:24,2026-06-27T23:10:50,Session reports that the Fractal Content Studio (FCS) core status is ACCEPTED and it is ready for ELYSIUM production use,professional_details;technology,session_synthesis
e3789506-cd63-4c0f-a4d5-960df5a99f87,2026-06-27T19:04:55,2026-06-27T23:09:15,User reports that the FCS Final Closure & Handoff Pack has been completed,professional_details;milestones,session_synthesis
d7f949ca-8f26-4f3b-9ab7-89e54776f818,2026-06-27T19:04:55,2026-06-27T23:09:15,User notes that five Action Requests are present in action_requests/active/; prepared for Phase III‑1A execution,professional_details,session_synthesis
c6b04404-a221-45af-b2f7-a7d15056102e,2026-06-27T19:04:55,2026-06-27T23:09:15,User reports that the Phase III‑0B micro‑fix performed BAD_STATUS cleanup has been accepted,professional_details;technology,session_synthesis
c44fcde7-bcac-46ee-bfcb-c0a1bb725f5a,2026-06-27T19:04:55,2026-06-27T23:09:15,User lists the seven FCS closure/handoff documents: Final Acceptance; Handoff; Quickstart; Cheatsheet; Limits; Reuse; an,professional_details,session_synthesis
a2770e8b-09b1-4cc5-86c0-9669a5541a23,2026-06-27T19:04:55,2026-06-27T23:09:15,User reports that ELYSIUM FCS Phase III‑0B; delivering the book architecture and Master Content Plan covering 38 facets ,professional_details;milestones,session_synthesis
79e1b9ed-f139-44d9-bd8e-d313fb93d619,2026-06-27T19:04:55,2026-06-27T23:09:15,User reports that ELYSIUM FCS Phase III‑0A scaffold has been accepted after a FIX,professional_details;technology,session_synthesis
79a7d216-45dd-4558-981b-89a516f090cf,2026-06-27T19:04:55,2026-06-27T23:09:15,User indicates that Obsidian Dataview dashboards are located in BOOK/views/dashboards/ within the FCS repository,technology,session_synthesis
5d5622a3-0705-4c27-9bd2-02d86b2486f3,2026-06-27T19:04:55,2026-06-27T23:09:15,User mentions that the FCS includes 38 facet scaffolds; 7 foundation scaffolds; and 5 part scaffolds,technology,session_synthesis
076e72ce-80d2-4002-94df-fe908ea3a394,2026-06-27T19:04:55,2026-06-27T23:09:15,User reports that ELYSIUM FCS Phase III‑0A‑FIX; which added hardening; test fixtures; and Obsidian UX; has been accepted,technology;milestones,session_synthesis
f915d7ac-663f-4df5-b9c4-a19cad80d2c4,2026-06-27T19:04:52,2026-06-27T23:08:55,User indicates that Obsidian is used only for UX and is not the source of truth,technology;user_preferences,canonical_facts
da5ffee8-c2d5-4de2-be9d-8f0b332f1384,2026-06-27T19:04:52,2026-06-27T23:08:55,User records the Pass 0.2C commit hash as 5a4e4309af581e78517f0241b87e8ed021313b00,technology,canonical_facts
8c409356-e5fa-45ce-bb10-1f4bd008a89c,2026-06-27T19:04:52,2026-06-27T23:08:55,User states that the correct term is yOS; never WYS,technology,canonical_facts
81dad0b2-b9f7-4056-a709-41ec9ee26eb2,2026-06-27T19:04:52,2026-06-27T23:08:55,User records the FCS hardening commit hash as 42cf4cb,technology,canonical_facts
48624c83-23b6-4c73-bfda-82571ec27a85,2026-06-27T19:04:52,2026-06-27T23:08:55,User specifies that Claude output must be reviewed before the source lock is applied,user_preferences,canonical_facts
145644c3-26d2-4dc1-bde2-89b76c5a1afb,2026-06-27T19:04:52,2026-06-27T23:08:55,User notes that the Fractal Content Studio (FCS) is not yet integrated into the yOS Core,technology,canonical_facts
dc205fa6-52c5-47a0-b127-e7d058deb5c4,2026-06-27T19:04:49,2026-06-27T23:07:52,Session learned that strict session boundaries prevent cognitive overload and bad statuses; acceptance testing (invalid ,professional_details;technology,session_synthesis
b44e1fad-87b8-485e-8f3b-5a6743ca4148,2026-06-27T19:04:49,2026-06-27T23:07:52,Session's FCS repository is https://github.com/yj000018/elysium-civilizational-ontology on branch phase-iii/fcs-final-cl,technology,session_synthesis
3493a437-6b6f-4720-afbb-5e16e98badf7,2026-06-27T19:04:49,2026-06-27T23:07:52,Session completed the Fractal Content Studio (FCS) build session on 2026-06-28; marking FCS CORE STATUS as ACCEPTED; con,professional_details;milestones;technology,session_synthesis
7ff43795-d5ef-4871-bb33-8bc1e07404af,2026-06-27T19:02:56,2026-06-27T23:05:22,User's yOS Program Mode candidate includes a Publication / Release Readiness Protocol v0.1 that defines release statuses,professional_details;technology,
8c2fac4c-7568-4b5b-8eec-21ea74961b7b,2026-06-27T19:02:55,2026-06-27T23:05:17,User's yOS Program Mode candidate includes a Program Metrics & Progress Reporting Protocol v0.1 that defines standardize,professional_details,
aa8bf85e-ff48-4e84-bad4-e59802bdcc14,2026-06-27T19:02:54,2026-06-27T23:05:13,User's yOS Program Mode candidate includes a Dependency & Blocker Management Protocol v0.1 that defines how dependencies,professional_details;technology,
21119311-cc58-42e5-b2e8-b9b9a2829469,2026-06-27T19:02:53,2026-06-27T23:05:10,User applied a Phase III‑0B micro‑fix (commit 156aed6) to status.py; updating it to exclude _fcs test fixtures from stat,professional_details;technology,
c7881a45-d6e2-4252-8cf0-ece014395bf9,2026-06-27T19:02:51,2026-06-27T23:05:05,User notes that 126 models have been analyzed and an additional 10 candidate models remain not integrated,professional_details,
ad851e63-2e2f-40ee-bfd0-a7104ec2f549,2026-06-27T19:02:51,2026-06-27T23:05:05,User reports that Elysium Pass 0.2C has been accepted,technology,
4ee74f90-bc38-4059-a803-ddbfc312f045,2026-06-27T19:02:51,2026-06-27T23:05:05,User indicates the Elysium architecture comprises 3 Scales; 7 Foundations; 38 Facets; and the 12‑Step Universal Analysis,technology,
4869a07c-c9cc-4b5d-ad5d-dc45fbcc9c0b,2026-06-27T19:02:51,2026-06-27T23:05:05,User states that there are 26 core documents; all currently in DRAFT_INTEGRATED_QA_PENDING status,professional_details,
cd60c046-87e3-47b6-88e6-322123041ebc,2026-06-27T19:02:50,2026-06-27T23:04:52,User reports that the yOS Program Mode candidate Notion inventory now contains 19 pages (IDs 00‑16; 98; 99) under parent,technology,
98ac8936-539a-47bb-a68d-11eb8f8c4f6e,2026-06-27T19:02:50,2026-06-27T23:04:52,User notes that documents 17; 18; and 19 are pending insertion into the yOS Program Mode candidate Notion inventory,professional_details,
72068eb6-8dfc-43c3-8bb8-12d5386e97ff,2026-06-27T19:02:49,2026-06-27T23:03:49,User reports that Fractal Content Studio (FCS) Core has been accepted as the repo-native AI-first content architecture s,professional_details;technology;milestones,
73a57130-ac5f-401c-a7c1-d7b7374e07d3,2026-06-27T00:22:43,2026-06-27T06:02:49,User shared the Notion project page URL for the Elysium project: https://app.notion.com/p/38c35e218cf881fc9c1de77c9d2554,professional_details;technology,
b0232431-b86e-4f32-b782-b8c61a48e13b,2026-06-27T00:22:42,2026-06-27T06:02:46,User outlined Elysium Phase 3 next steps: develop book content that covers all 35 Facets; applying the 12‑step Universal,professional_details,
7235b528-ccb1-44ab-a890-1045f181b9b6,2026-06-27T00:22:42,2026-06-27T06:02:46,User will write the Elysium book in Phase 3; structuring the manuscript around the matrices derived from the 35 Facets a,professional_details,
64966a74-ae68-4209-ae21-d834dc8b43cb,2026-06-27T00:22:42,2026-06-27T06:02:46,User plans to create a Mandala visualization for the Elysium project as part of Phase 3 to represent the 35 Facets and t,professional_details,
2f7af908-f4af-488c-878d-34cafc9dce4a,2026-06-27T00:22:42,2026-06-27T06:02:46,User intends to build an interactive webapp platform for the Elysium project in Phase 3; enabling users to explore the F,technology;professional_details,
90cfba3e-c59b-4e47-a214-041f56cfd664,2026-06-27T00:22:41,2026-06-27T06:02:41,Elysium uses a 12-step Universal Analysis Matrix for each domain; consisting of the steps: Ontology; Teleology; Status Q,technology;professional_details,
831a4285-b40a-4f45-8351-0a683ba52f6e,2026-06-27T00:22:40,2026-06-27T06:02:38,User reported that Elysium Phase 1 research analyzed 126 models across eight lots (A‑H); and Phase 2 design defined 35 F,professional_details,
f21dd861-c261-4f19-b571-f8ad3d29b2af,2026-06-27T00:22:39,2026-06-27T06:02:02,Elysium ontology includes 35 Facets distributed across its 7 Foundations; with each Foundation containing 5–6 Facets; an,technology,
2155cd5d-d510-4d6b-9079-4387550ebc83,2026-06-27T00:22:39,2026-06-27T06:01:47,Elysium Architecture described the Elysium Architecture as consisting of three Scales—Human; Society; Civilization—and s,misc,
d575c4d0-5c09-49fe-81bf-7a998d885508,2026-06-27T00:22:38,2026-06-27T06:01:39,Elysium is Yannick's Civilizational Ontology project; previously called Yworld; which provides a universal fractal ontol,professional_details,
196b23ab-57c9-4860-b430-c2c727011c99,2026-06-21T06:46:13,2026-06-21T06:47:23,User registered a N100 Home Server device named MeLE Quieter4C Fanless Mini PC with an Intel 12th Gen Alder Lake N100 CP,technology,
ff7ea9d8-eaf7-416e-8849-8f94c9ac3ca1,2026-06-21T05:20:56,2026-06-21T05:23:05,Session described Pulse Challenge as a motivational web application that frames personal challenge tracking as a narrati,technology,session_synthesis
f8d58b11-1197-42d3-9ab9-b06878643224,2026-06-21T05:20:56,2026-06-21T05:23:05,Session noted what worked well: the journey metaphor resonated strongly and unified the UX; conversational KPI extractio,technology;professional_details,session_synthesis
f5881999-2faa-4f2a-80c5-b98a45048166,2026-06-21T05:20:56,2026-06-21T05:23:05,Session listed key decisions: rename the user to "l'Aventurier"; adopt a journey metaphor as the UX backbone; create a d,professional_details;technology,session_synthesis
be3a4f9b-edbb-4f61-b8eb-ee823a91a84f,2026-06-21T05:20:56,2026-06-21T05:23:05,Session outlined next steps: handoff both briefs to the Lovable platform; test the full flow (challenge creation; KPI de,professional_details;technology;health,session_synthesis
6c3c772d-132c-4915-98b0-bd255a2ddfc4,2026-06-21T05:20:56,2026-06-21T05:23:05,Session reported lessons learned: framing challenge tracking as a narrative journey with visual storytelling makes it co,technology;health,session_synthesis
17fa6145-7be8-46a1-b725-0357e85d71f3,2026-06-21T05:20:56,2026-06-21T05:23:05,Session documented a session titled "Pulse Challenge App - Motivational Journey Tracker with AI Coach & Visual Storytell,technology;milestones,session_synthesis
e8ab28cf-01d8-4210-9ca3-72445a7b7e6b,2026-06-21T05:20:55,2026-06-21T05:22:47,Key lessons learned: the Chat_Export_Sessions database may be empty or auto‑sync failed; and running the scheduled pipel,technology,session_synthesis
8b9a2cbb-d040-4ad0-bc25-cec654503c9b,2026-06-21T05:20:55,2026-06-21T05:22:47,During the same run; diagnostic executions (normal mode and --force-all) confirmed the database was empty or all session,technology,session_synthesis
6776cb5e-68fd-4aa0-9b85-24fc650a5816,2026-06-21T05:20:55,2026-06-21T05:22:47,The user planned next steps: verify the 03:00 chatgpt2notion Auto‑Sync logs; inspect the Chat_Export_Sessions for incorr,technology,session_synthesis
645a910c-6472-476b-aff7-57915ef832cc,2026-06-21T05:20:55,2026-06-21T05:22:47,On April 8; 2026; the LLM Knowledge Distillation Pipeline v1.2/1.3 daily execution ran at 05:00 (2 h after chatgpt2notio,technology,session_synthesis
f33f315a-acb9-4ead-b15f-3237f77db061,2026-06-21T05:20:53,2026-06-21T05:22:09,Session noted that investigation of Zapier MCP revealed a configuration error and confirmed Zapier has no access to LLM ,technology,session_synthesis
ee2c9bce-763b-4dc3-b5aa-8430ffcc3fb4,2026-06-21T05:20:53,2026-06-21T05:22:09,Session recorded Session LMP v2: Unified Multi-LLM Extraction Pipeline + Cross-Session Synthesis System on 2026-04-07 fo,technology;professional_details,session_synthesis
cc128161-c864-4739-b3ee-9fa83cad12a3,2026-06-21T05:20:53,2026-06-21T05:22:09,Session observed that ChatGPT and Gemini have official export mechanisms (ZIP and Takeout); whereas Grok and Claude requ,technology,session_synthesis
cb22b28f-d0aa-400e-b82f-2ac457b14dac,2026-06-21T05:20:53,2026-06-21T05:22:09,Session learned that Notion API response format differed from expected; causing false parsing errors; 13 sessions flagge,technology,session_synthesis
97d1fa76-3e76-402d-a4df-ed41fa867756,2026-06-21T05:20:53,2026-06-21T05:22:09,Session highlighted that the unified orchestrator pattern with adapter plugins scales cleanly across LLMs; Playwright au,technology,session_synthesis
8daf8035-0b6d-4e4f-81b3-03408d25a0e5,2026-06-21T05:20:53,2026-06-21T05:22:09,Session reported that the implementation delivered a unified lmp_run.py orchestrator with five LLM-specific adapters (Ch,technology;professional_details;milestones,session_synthesis
85bb0a0a-84e1-434e-b79a-7ccff46dd90d,2026-06-21T05:20:53,2026-06-21T05:22:09,Session described Yannick’s temporary progressive synthesis approach: group related Manus sessions into projects; extrac,professional_details,session_synthesis
241490d5-4b3a-418e-a7d2-45160c5d64a9,2026-06-21T05:20:53,2026-06-21T05:22:35,Session identified that Zapier MCP token is a one-time JWT; MCP servers already provide direct access to Notion; Gmail; ,technology,session_synthesis
0102d32d-1841-4d81-b05c-3d566fdd5dfb,2026-06-21T05:20:53,2026-06-21T05:22:09,Session outlined next desktop steps: export ChatGPT via ZIP; Gemini via Takeout; run Grok adapter with Playwright; captu,technology,session_synthesis
00103d3e-a9eb-49d0-b6fd-a8a965b5fd84,2026-06-21T05:20:53,2026-06-21T05:22:09,Session reported that cross-LLM clustering integrated sessions into the existing seven-project taxonomy (yOS; eia; DOMUS,professional_details;technology,session_synthesis
5564fb74-be78-412e-8159-dcdab2e379cf,2026-06-21T05:20:52,2026-06-21T05:21:22,Session recorded a trivial session titled "What Does 1 2 3 OK-GO Mean?" on April 2; 2026; classified under project UNKNO,professional_details,session_synthesis
de8bd51a-9e11-47d8-bc7b-9ba4ba7cf272,2026-06-21T05:20:51,2026-06-21T05:21:17,The skill’s session summary follows a Goal/Progress/Context/Next Steps format.,professional_details,session_synthesis
b75ce354-5919-4b9b-ad7f-4ccaa0244903,2026-06-21T05:20:51,2026-06-21T05:21:17,Session noted that a clean skill specification enabled rapid creation; Manus consulted the skill‑creator before building,technology;professional_details,session_synthesis
aac6cdc1-2b08-43ac-bf8c-95c0beb95e07,2026-06-21T05:20:51,2026-06-21T05:21:17,Lesson learned: Agent Mode sessions can be gracefully terminated with a context handoff to free Chat Mode.,technology,session_synthesis
8c9807ea-0fbb-4b97-b5b8-eaef84a7a7b1,2026-06-21T05:20:51,2026-06-21T05:21:17,On 2026-04-04; User requested and received a 'back-to-chat' skill for the yOS project that stops a paid Agent Mode sessi,technology;professional_details,session_synthesis
6eb0fc52-199e-4818-8352-8b4ef99641a8,2026-06-21T05:20:51,2026-06-21T05:21:17,The 'back-to-chat' skill is triggered by the phrase 'Back to chat mode' or similar variants.,technology,session_synthesis
1228289c-6e6e-43f0-99bc-b18df111100a,2026-06-21T05:20:51,2026-06-21T05:21:17,Session renamed the existing 'Agent Boat' skill to 'Chat Boat' during the same session.,technology,session_synthesis
0d32eb2c-33d1-4399-8764-91013e8568e5,2026-06-21T05:20:51,2026-06-21T05:21:17,Planned next steps: install the back-to-chat skill via Add to My Skills; reinstall the renamed Chat Boat skill; and test,technology,session_synthesis
a7f39072-e634-4429-bd02-118dd0b6216b,2026-06-16T06:31:13,2026-06-16T10:07:30,User identified a Y-OS Architecture gap on 2026-06-15: Manus does not auto-trigger Sarasvati when API learnings are disc,technology;professional_details,
9d3d0410-df0c-46ea-9b3c-0d53c3863547,2026-06-16T06:31:11,2026-06-16T10:07:24,User learned that a Klaviyo profile must have email_marketing.consent set to SUBSCRIBED to receive campaigns; and that t,technology,
8e036d9e-179c-4ccf-8aad-a3fe1ecbbf2e,2026-06-16T06:31:10,2026-06-16T10:07:20,User learned that the correct payload for a Klaviyo campaign-send-job is {data:{type:campaign-send-job; id:CAMPAIGN_ID}},technology,
8f3082d2-5142-494d-b128-fe9daa6a97ed,2026-06-16T06:31:08,2026-06-16T10:07:15,User discovered that the workaround for assigning a template to a campaign is to embed HTML directly in the campaign mes,technology,
6354eead-6414-46eb-a703-2da50d65b6ff,2026-06-16T06:31:08,2026-06-16T10:07:15,User learned that assigning a template to a campaign via Klaviyo's REST API is not available; resulting in 404 errors fo,technology,
57cdf862-78cc-43d8-b9b2-e1aae4c5be51,2026-06-16T06:31:08,2026-06-16T10:07:15,User noted that the Klaviyo MCP also lacks the assign-template tool.,technology,
f1dad0f0-b543-48b8-b019-7e119e9c9413,2026-06-16T06:31:07,2026-06-16T10:05:22,User is learning the Klaviyo API; focusing on list creation and API usage details.,technology,
b93e07fb-da26-4538-ac02-fa232b3f8817,2026-06-16T06:31:07,2026-06-16T10:05:22,User discovered that the create_list operation is not part of Klaviyo's MCP; which lists 39 available tools.,technology,
2b0a03be-54e6-488d-a139-1d52afa431f4,2026-06-16T06:31:07,2026-06-16T10:05:22,User noted that the REST API request must include headers: revision:2024-10-15 and Authorization: Klaviyo-API-Key.,technology,
02e61a6d-3f2a-4fe5-9eca-b8f46b1ed7cb,2026-06-16T06:31:07,2026-06-16T10:05:22,User learned to create a list via Klaviyo's REST API by POSTing to https://a.klaviyo.com/api/lists/ with JSON body {data,technology,
60fd0f41-f110-4d90-8d38-6414a0a8415c,2026-05-31T14:30:08,2026-05-31T14:32:54,User has a permanent Tailscale OAuth Client with client_id kQx3yU67qF11CNTRL and client_secret tskey-client-kQx3yU67qF11,personal_details;technology,
84284a18-ce52-4bf6-8896-4dd90734d6f7,2026-05-31T14:10:21,2026-05-31T14:12:47,User has an ngrok authtoken for the email yannick.jolliet@gmail.com; value 34ZzEktNJnacev6Wlp3JNVd19Hc_4V5vK5bXDVabstr4R,personal_details;technology,
5ad138fc-d36a-4f2a-bfd8-00d655ec6d57,2026-05-31T14:03:29,2026-05-31T14:05:54,User has a Tailscale Auth Key that expired on 2025-08-29; 276 days before 2026-05-31; and must renew it at https://login,technology,
ba2975fc-4895-4313-b0be-8d8f4c356d9e,2026-05-31T01:08:44,2026-05-31T01:09:37,User has a permanent Supabase Management API token sbp_865db1bc82b0686304bbd7c112482b90f6fde84d,personal_details;technology,
a449a015-ebb7-4923-8c5b-e70e5ad09f34,2026-05-31T01:08:44,2026-05-31T01:09:39,User's Supabase project yOS has ID pfzgquteecgnrfxoocrv; is named supabase-amber-door; located in us-east-1; and is acce,technology,
91b77195-50c7-4ff7-b36d-9d57001992e9,2026-05-26T17:02:21,2026-05-26T17:03:56,User has a session titled '✨ MASTER SESSION — EIA / EYA Project' with summary 'Sessions sources' and source link https:/,professional_details,notion_archive
3c9e3e95-9afd-4535-9c16-04f9a55c8efd,2026-05-26T17:02:06,2026-05-26T17:03:46,User has a session titled '🗺️ MASTER SESSION — ODYSSEY Project' sourced from https://www.notion.so/35435e218cf8817cb086f,professional_details,notion_archive
501d6d3b-202d-494a-a91c-e7f0136e8b36,2026-05-26T17:01:55,2026-05-26T17:03:30,User reports that the YOS Memory Boot Sector session is building a cross-session memory system; but sandbox limitations ,technology,notion_archive
